Architecture,CM / MHz,CPI,MTIME,MINSTRET,Load Stalls,Store Stalls,D$ Accesses,D$ Misses,I$ Accesses,I$ Misses,Branches,Branch Mispredicts,BTB Misses,Jump/JR,RAS Wrong,Returns,BP Class Pred Wrong
rv32i_zicsr,1.24,1.18,8015218,6754367,191078,9885,685294,83,7553383,863,1998314,456878,6241,20217,94087,191673,22766
rv32im_zicsr,3.77,1.10,2650379,2389687,189398,5707,659042,80,2644095,1210,533261,46547,6722,18955,105,2624,24271
rv32imc_zicsr,3.74,1.11,2670357,2389647,189615,5768,659041,80,2682993,303,533294,46733,4800,18995,34,2544,17443
rv32im_zicsr_zba_zbb_zbs,3.83,1.10,2610912,2360196,189798,5948,659050,78,2615382,740,533778,47147,5587,19301,104,2544,18820
rv32im_zicsr_zba_zbb_zbc_zbs,4.40,1.11,2268041,2030156,189597,5793,653206,70,2282567,367,533795,47807,3767,19301,74,2544,12135
rv32gc,3.74,1.11,2670391,2389647,188695,5756,659034,81,2684726,297,532370,46819,4800,18995,35,2544,17548
rv32gc_zba_zbb_zbs,3.78,1.11,2641943,2360186,195390,5729,659041,80,2655850,289,532573,49727,5089,19291,35,2544,18702
rv32gc_zba_zbb_zbc_zbs,4.33,1.13,2304602,2030146,189867,5740,653198,70,2316105,257,533655,51246,3705,19291,24,2544,12659
rv64i_zicsr,1.08,1.13,9252351,8149157,197012,5794,672531,91,8841234,360,2329417,470461,6234,114710,3342,99934,20255
rv64im_zicsr,3.25,1.09,3075831,2819257,193352,5764,657096,90,3069759,568,536843,51904,4507,20102,51,2407,16531
rv64imc_zicsr,3.19,1.10,3128964,2819257,194730,7918,657114,90,3131168,315,536553,46659,5084,20103,14,2407,17410
rv64im_zicsr_zba_zbb_zbs,3.46,1.09,2885663,2636886,193358,8213,657184,91,2884757,362,537027,46884,5329,20398,84,2407,18050
rv64im_zicsr_zba_zbb_zbc_zbs,3.92,1.10,2548120,2306846,193648,8245,651342,83,2551459,297,537318,46298,3163,20399,32,2407,10110
rv64gc,3.19,1.10,3128972,2819257,194411,7909,657107,90,3130213,312,536238,46667,5083,20103,13,2407,17396
rv64gc_zba_zbb_zbs,3.41,1.11,2929804,2636886,192844,8352,657196,92,2931574,300,535915,47363,5667,20399,36,2407,17564
rv64gc_zba_zbb_zbc_zbs,3.86,1.12,2585621,2306846,193406,8355,651352,84,2587618,240,536785,47512,4242,20399,13,2407,12290
